Model,Clean_Acc,Synonym_Acc,Typo_Acc,Drop_Acc,Clean_F1,Synonym_F1,Typo_F1,Drop_F1,Synonym_Acc_Drop,Typo_Acc_Drop,Dropword_Acc_Drop
TF-IDF,0.97,0.95,0.79,0.94,0.7566,0.6893,0.4971,0.6842,0.020000000000000018,0.17999999999999994,0.030000000000000027
LSTM,0.41,0.4,0.22,0.36,0.3407,0.3357,0.1775,0.3007,0.009999999999999953,0.18999999999999997,0.04999999999999999
Transformer,0.87,0.86,0.45,0.85,0.8575,0.8468,0.4351,0.8293,0.010000000000000009,0.42,0.020000000000000018
